{
    "review_strategies": {
        "mu_back": [
            1.0,
            2.0,
            3.0
        ],
        "theta_thres": [
            0.0,
            0.1,
            0.2,
            0.3,
            0.4,
            0.5
        ],
        "theta_thres_est": [
            0.0,
            0.1,
            0.2,
            0.3,
            0.4,
            0.5
        ],
        "theta_thres_multiskill": [
            0.0,
            0.1,
            0.2,
            0.3,
            0.4,
            0.5
        ],
        "theta_thres_multiskill_est": [
            0.0,
            0.1,
            0.2,
            0.3,
            0.4,
            0.5
        ]
    },
    "nb_of_runs": 100,
    "nb_of_students": 200,
    "items_per_skill": 10,
    "item_strategies": [
        "random"
    ],
    "reviews_per_step": 5,
    "das3h_1p": false,
    "max_add_train_skills": 3,
    "sampling_zone": "1"
}